<topics xmlns="http://www.softwareag/wm_mws_docs/topicList"
	xmlns:xsi="http://www.w3.org/2001/XMLSchema-instance"
	xsi:schemaLocation="http://www.softwareag/wm_mws_docs/topicList topicList.xsd ">

	<topic>
		<displayName>UI Tags</displayName>
		<description></description>

		<topic>
			<href>http://docs.oracle.com/javaee/7/javaserverfaces/2.2/vdldocs/facelets/</href>
			<displayName>JSF Standard Tags</displayName>
			<description>Tags that are provided by the JSF standard</description>

			<topic>
				<displayName>c</displayName>
				<description>JSTL core tags</description>

				<topic>
					<href>controls/c/catch.xhtml</href>
					<displayName>catch</displayName>
					<description>Catches any Throwable that occurs in its body</description>
				</topic>
				<topic>
					<href>controls/c/choose.xhtml</href>
					<displayName>choose</displayName>
					<description>Conditional processing of its body for multiple choices</description>
				</topic>
				<topic>
					<href>controls/c/if.xhtml</href>
					<displayName>if</displayName>
					<description>Conditional processing of its body</description>
				</topic>
				<topic>
					<href>controls/c/forEach.xhtml</href>
					<displayName>forEach</displayName>
					<description>Loop through each item in a list</description>
				</topic>
				<topic>
					<href>controls/c/otherwise.xhtml</href>
					<displayName>otherwise</displayName>
					<description>Used with c:choose for conditional processing of its body</description>
				</topic>
				<topic>
					<href>controls/c/set.xhtml</href>
					<displayName>set</displayName>
					<description>Used to set the result of an expression evaluation to a variable</description>
				</topic>
				<topic>
					<href>controls/c/when.xhtml</href>
					<displayName>when</displayName>
					<description>Used with c:choose for conditional processing of its body</description>
				</topic>
			</topic>
			<topic>
				<displayName>fn</displayName>
				<description>JSTL EL functions</description>
				<topic>
					<href>controls/fn/el_functions.xhtml</href>
					<displayName>JSTL EL Functions</displayName>
					<description>JSTL EL functions</description>
				</topic>
			</topic>

			<topic>
				<displayName>f</displayName>
				<description>Standard tags that are independent of any particular RenderKit</description>

				<topic>
					<href>controls/f/actionListener.xhtml</href>
					<displayName>actionListener</displayName>
					<description>Action Listener for Command Controls</description>
				</topic>
				<topic>
					<href>controls/f/ajax.xhtml</href>
					<displayName>ajax</displayName>
					<description>AJAX Partial Page Refresh</description>
				</topic>
				<topic>
					<href>controls/f/attribute.xhtml</href>
					<displayName>attribute</displayName>
					<description>Specify an attribute for the parent component</description>
				</topic>
				<topic>
					<href>controls/f/attributes.xhtml</href>
					<displayName>attributes</displayName>
					<description>Specify map of attributes for the parent component</description>
				</topic>
				<topic>
					<href>controls/f/passThroughAttribute.xhtml</href>
					<displayName>passThroughAttribute</displayName>
					<description>Passthrough an attribute to the rendered html element</description>
				</topic>
				<topic>
					<href>controls/f/passThroughAttributes.xhtml</href>
					<displayName>passThroughAttributes</displayName>
					<description>Passthrough an map of attributes to the rendered html element</description>
				</topic>
				<topic>
					<href>controls/f/converter.xhtml</href>
					<displayName>converter</displayName>
					<description>Convert input to/from an object using converterId</description>
				</topic>
				<topic>
					<href>controls/f/convertDateTime.xhtml</href>
					<displayName>convertDateTime</displayName>
					<description>Convert input to/from a Date/Time</description>
				</topic>
				<topic>
					<href>controls/f/convertNumber.xhtml</href>
					<displayName>convertNumber</displayName>
					<description>Convert input to/from a number</description>
				</topic>
				<topic>
					<href>controls/f/event.xhtml</href>
					<displayName>event</displayName>
					<description>Installs ComponentSystemEventListener instances on a component</description>
				</topic>
				<topic>
					<href>controls/f/facet.xhtml</href>
					<displayName>facet</displayName>
					<description>Register a named facet on the closest parent component</description>
				</topic>
				<topic>
					<href>controls/f/loadBundle.xhtml</href>
					<displayName>loadBundle</displayName>
					<description>Load Resource Bundle</description>
				</topic>
				<topic>
					<href>controls/f/metadata.xhtml?meta=helloMetaData</href>
					<displayName>metadata</displayName>
					<description>Declare the metadata facet for this view</description>
				</topic>
				<topic>
					<href>controls/f/param.xhtml</href>
					<displayName>param</displayName>
					<description>Add a child UIParameter component to the closest parent</description>
				</topic>
				<topic>
					<href>controls/f/phaseListener.xhtml</href>
					<displayName>phaseListener</displayName>
					<description>Phase Listener</description>
				</topic>
				<topic>
					<href>controls/f/selectItem.xhtml</href>
					<displayName>selectItem</displayName>
					<description>A single option for a multi-select control</description>
				</topic>
				<topic>
					<href>controls/f/selectItems.xhtml</href>
					<displayName>selectItems</displayName>
					<description>A collection of options for a multi-select control</description>
				</topic>
				<topic>
					<href>controls/f/setPropertyActionListener.xhtml</href>
					<displayName>setPropertyActionListener</displayName>
					<description>Set Property Action Listener for Command Controls</description>
				</topic>
				<topic>
					<href>controls/f/subview.xhtml</href>
					<displayName>subview</displayName>
					<description>Subview naming container</description>
				</topic>
				<topic>
					<href>controls/f/validateDoubleRange.xhtml</href>
					<displayName>validateDoubleRange</displayName>
					<description>Validate a double input is in a range</description>
				</topic>
				<topic>
					<href>controls/f/validateLength.xhtml</href>
					<displayName>validateLength</displayName>
					<description>Validate input has a specified length</description>
				</topic>
				<topic>
					<href>controls/f/validateLongRange.xhtml</href>
					<displayName>validateLongRange</displayName>
					<description>Validate a long input is in a range</description>
				</topic>
				<topic>
					<href>controls/f/validateBean.xhtml</href>
					<displayName>validateBean</displayName>
					<description>Validate using annotations on the bound fields</description>
				</topic>
				<topic>
					<href>controls/f/validateRegex.xhtml</href>
					<displayName>validateRegex</displayName>
					<description>Validate with a regular expression pattern</description>
				</topic>
				<topic>
					<href>controls/f/validateRequired.xhtml</href>
					<displayName>validateRequired</displayName>
					<description>Validate required input</description>
				</topic>
				<topic>
					<href>controls/f/validator.xhtml</href>
					<displayName>validator</displayName>
					<description>Validator via a binding or validatorId</description>
				</topic>
				<topic>
					<href>controls/f/valueChangeListener.xhtml</href>
					<displayName>valueChangeListener</displayName>
					<description>Listener for value changes to an input control</description>
				</topic>
				<topic>
					<href>controls/f/verbatim.xhtml</href>
					<displayName>verbatim</displayName>
					<description>Render children without any changes</description>
				</topic>
				<topic>
					<!-- <href>controls/f/view.xhtml</href> -->
					<displayName>view</displayName>
					<description>Root of components tree</description>
				</topic>
				<topic>
					<href>controls/f/viewParam.xhtml</href>
					<displayName>viewParam</displayName>
					<description>UIViewParam used inside the metadata facet of a view</description>
				</topic>
				<topic>
					<href>controls/f/viewAction.xhtml</href>
					<displayName>viewAction</displayName>
					<description>Action to invoke during one of the JSF lifecycle phases</description>
				</topic>
				<topic>
					<href>controls/f/resetValues.xhtml</href>
					<displayName>resetValues</displayName>
					<description>Reset Values of an Input control during a command action</description>
				</topic>
			</topic>
			<topic>
				<displayName>h</displayName>
				<description>Standard tags for the HTML RenderKit</description>


				<!-- <topic> -->
				<!-- <href>controls/h/body.xhtml</href> -->
				<!-- <displayName>body</displayName> -->
				<!-- <description>Body</description> -->
				<!-- </topic> -->
				<topic>
					<href>controls/h/button.xhtml</href>
					<displayName>button</displayName>
					<description>Button</description>
				</topic>

				<topic>
					<href>controls/h/commandButton.xhtml</href>
					<displayName>commandButton</displayName>
					<description>Button: submit, reset, or pushbutton.</description>
				</topic>
				<topic>
					<href>controls/h/commandLink.xhtml</href>
					<displayName>commandLink</displayName>
					<description>Link that acts like a pushbutton</description>
				</topic>

				<topic>
					<href>controls/h/form.xhtml</href>
					<displayName>form</displayName>
					<description>HTML Form</description>
				</topic>
				<topic>
					<href>controls/h/graphicImage.xhtml</href>
					<displayName>graphicImage</displayName>
					<description>Displays an image</description>
				</topic>
				<!-- <topic> -->
				<!-- <href>controls/h/head.xhtml</href> -->
				<!-- <displayName>head</displayName> -->
				<!-- <description>Head</description> -->
				<!-- </topic> -->
				<topic>
					<href>controls/h/inputFile.xhtml</href>
					<displayName>inputFile</displayName>
					<description>Input File</description>
				</topic>
				<topic>
					<!-- <href>controls/h/inputHidden.xhtml</href> -->
					<displayName>inputHidden</displayName>
					<description>Hidden field</description>
				</topic>
				<topic>
					<href>controls/h/inputSecret.xhtml</href>
					<displayName>inputSecret</displayName>
					<description>Password input control</description>
				</topic>
				<topic>
					<href>controls/h/inputText.xhtml</href>
					<displayName>inputText</displayName>
					<description>Single-line text input</description>
				</topic>
				<topic>
					<href>controls/h/inputTextarea.xhtml</href>
					<displayName>inputTextarea</displayName>
					<description>Multi-Line Text Input</description>
				</topic>
				<topic>
					<href>controls/h/link.xhtml</href>
					<displayName>link</displayName>
					<description>Link</description>
				</topic>
				<topic>
					<href>controls/h/message.xhtml</href>
					<displayName>message</displayName>
					<description>Displays the most recent message for a component</description>
				</topic>
				<topic>
					<href>controls/h/messages.xhtml</href>
					<displayName>messages</displayName>
					<description>Displays all messages</description>
				</topic>
				<topic>
					<href>controls/h/outputFormat.xhtml</href>
					<displayName>outputFormat</displayName>
					<description>Like outputText, but formats compound messages</description>
				</topic>
				<topic>
					<href>controls/h/outputLabel.xhtml</href>
					<displayName>outputLabel</displayName>
					<description>Label for another component for accessibility</description>
				</topic>
				<topic>
					<href>controls/h/outputLink.xhtml</href>
					<displayName>outputLink</displayName>
					<description>HTML anchor</description>
				</topic>
				<topic>
					<href>controls/h/outputText.xhtml</href>
					<displayName>outputText</displayName>
					<description>Single-line text output</description>
				</topic>
				<topic>
					<href>controls/h/selectBooleanCheckbox.xhtml</href>
					<displayName>selectBooleanCheckbox</displayName>
					<description>Renders an HTML input element of the type "checkbox".</description>
				</topic>
				<topic>
					<href>controls/h/selectOneListbox.xhtml</href>
					<displayName>selectOneListbox</displayName>
					<description>Single-select listbox</description>
				</topic>
				<topic>
					<href>controls/h/selectOneMenu.xhtml</href>
					<displayName>selectOneMenu</displayName>
					<description>Single-select menu</description>
				</topic>
				<topic>
					<href>controls/h/selectOneRadio.xhtml</href>
					<displayName>selectOneRadio</displayName>
					<description>Set of radio buttons</description>
				</topic>
				<topic>
					<href>controls/h/selectManyCheckbox.xhtml</href>
					<displayName>selectManyCheckbox</displayName>
					<description>Renders a list of HTML checkboxes.</description>
				</topic>
				<topic>
					<href>controls/h/selectManyListbox.xhtml</href>
					<displayName>selectManyListbox</displayName>
					<description>Renders an HTML "select" list of any size with the "multiple" attribute present.</description>
				</topic>
				<topic>
					<href>controls/h/selectManyMenu.xhtml</href>
					<displayName>selectManyMenu</displayName>
					<description>Renders an HTML "select" element with the "multiple" attribute present and the "size" attribute set to 1.</description>
				</topic>
				<topic>
					<href>controls/h/outputScript.xhtml</href>
					<displayName>outputScript</displayName>
					<description>Output Script</description>
				</topic>
				<topic>
					<href>controls/h/outputStylesheet.xhtml</href>
					<displayName>outputStylesheet</displayName>
					<description>Output Stylesheet</description>
				</topic>
				<topic>
					<href>controls/h/panelGrid.xhtml</href>
					<displayName>panelGrid</displayName>
					<description>HTML table</description>
				</topic>
				<topic>
					<href>controls/h/panelGroup.xhtml</href>
					<displayName>panelGroup</displayName>
					<description>Two or more components that are laid out as one</description>
				</topic>
				<topic>
					<href>controls/h/dataTable.xhtml</href>
					<displayName>dataTable</displayName>
					<description>A feature-rich table control</description>
				</topic>
				<topic>
					<href>controls/h/column.xhtml</href>
					<displayName>column</displayName>
					<description>Column in a dataTable</description>
				</topic>



				<topic>
					<!-- <href>controls/h/doctype.xhtml</href> -->
					<displayName>doctype</displayName>
					<description>Doctype</description>
				</topic>



				<!-- h:panelpassthrough.Element -->

			</topic>
			<topic>
				<displayName>ui</displayName>
				<description>Standard tags for the Facelets Templating</description>
				
				<topic>
					<href>controls/ui/component.xhtml</href>
					<displayName>component</displayName>
					<description>Inserts a new UIComponent instance into the JSF component tree</description>
				</topic>
				<topic>
					<href>controls/ui/samples/composition.xhtml</href>
					<displayName>composition</displayName>
					<description>A templating tag that wraps content to be included in another Facelet.</description>
				</topic>	
				<topic>
					<href>controls/ui/debug.xhtml</href>
					<displayName>debug</displayName>
					<description>Display helpful information about the JSF component tree and scoped variables in your browser when you test your JSF pages.</description>
				</topic>
				<topic>
					<href>controls/ui/samples/decorate.xhtml</href>
					<displayName>decorate</displayName>
					<description>Templating tag that decorates content included from another Facelet.</description>
				</topic>
				<topic>
					<href>controls/ui/samples/define.xhtml</href>
					<displayName>define</displayName>
					<description>Defines named content to be inserted into a template.</description>
				</topic>	
				
				<topic>
					<href>controls/ui/fragment.xhtml</href>
					<displayName>fragment</displayName>
					<description>Inserts a new UIComponent instance into the JSF component tree.</description>
				</topic>					
				<topic>
					<href>controls/ui/include.xhtml</href>
					<displayName>include</displayName>
					<description>Server-side include tag for Facelets.</description>
				</topic>					
				<topic>
					<href>controls/ui/samples/insert.xhtml</href>
					<displayName>insert</displayName>
					<description>Declares a named content element to be defined by another Facelet.</description>
				</topic>		
				<topic>
					<href>controls/ui/param.xhtml</href>
					<displayName>param</displayName>
					<description>Tag used to pass objects as named variables between Facelets.</description>
				</topic>
				<topic>
					<href>controls/ui/remove.xhtml</href>
					<displayName>remove</displayName>
					<description>Specify tags or blocks of content that should be removed from your page by the Facelets view handler at compile time.</description>
				</topic>		
				<topic>
					<href>controls/ui/repeat.xhtml</href>
					<displayName>repeat</displayName>
					<description>Iterate over a collection of objects exposed to the JSF page as a value-binding EL expression.</description>
				</topic>				
			</topic>
			<topic>
				<displayName>cc</displayName>
				<description>Standard tags for the Facelets Composite Components</description>
				
				<topic>
					<href>controls/cc/actionSource.xhtml</href>
					<displayName>actionSource</displayName>
					<description></description>
				</topic>
				<topic>
					<href>controls/cc/attribute.xhtml</href>
					<displayName>attribute</displayName>
					<description>Declares an attribute that may be given to an instance of the composite component in which this tag is declared.</description>
				</topic>
				<topic>
					<href>controls/cc/implementation.xhtml</href>
					<displayName>implementation</displayName>
					<description>Defines the implementation of the composite component. If a interface tag appears, there must be a corresponding implementation tag</description>
				</topic>				
				<topic>
					<href>controls/cc/interface.xhtml</href>
					<displayName>interface</displayName>
					<description>Declares the usage contract for a composite component. The composite component can be used as a single component whose feature set is the union of the features declared in the usage contract.</description>
				</topic>	

				<!-- 
				cc:clientBehavior 
				cc:editableValueHolder 
				cc:extension 
				cc:facet 
				cc:insertChildren 
				cc:insertFacet 
				cc:renderFacet 
				cc:valueHolder 
				-->
			</topic>
			<topic>
				<displayName>pt</displayName>
				<description>Standard tags to add pass-through attributes to components</description>
				
				<topic>
					<href>controls/pt/passthrough.xhtml</href>
					<displayName>pass-through</displayName>
					<description>Add pass-through attributes to a component</description>
				</topic>
			</topic>
		</topic>


		<topic>
			<displayName>caf</displayName>
			<description>CAF EL functions</description>
			<topic>
				<href>controls/caf/el_functions.xhtml</href>
				<displayName>CAF EL Functions</displayName>
				<description>CAF EL functions</description>
			</topic>
		</topic>

		<topic>
			<displayName>caf_f</displayName>
			<description>CAF tags that are independent of any particular RenderKit</description>
			<topic>
				<href>controls/caf_f/convertArray.xhtml</href>
				<displayName>convertArray</displayName>
				<description>Convert Array</description>
			</topic>
			<topic>
				<href>controls/caf_f/convertBigDecimal.xhtml</href>
				<displayName>convertBigDecimal</displayName>
				<description>Convert BigDecimal</description>
			</topic>
			<topic>
				<href>controls/caf_f/convertBigInteger.xhtml</href>
				<displayName>convertBigInteger</displayName>
				<description>Convert BigInteger</description>
			</topic>
			<topic>
				<href>controls/caf_f/convertBoolean.xhtml</href>
				<displayName>convertBoolean</displayName>
				<description>Convert Boolean</description>
			</topic>
			<topic>
				<href>controls/caf_f/convertByte.xhtml</href>
				<displayName>convertByte</displayName>
				<description>Convert Byte</description>
			</topic>
			<topic>
				<href>controls/caf_f/convertCharacter.xhtml</href>
				<displayName>convertCharacter</displayName>
				<description>Convert Character</description>
			</topic>
			<topic>
				<href>controls/caf_f/convertCollection.xhtml</href>
				<displayName>convertCollection</displayName>
				<description>Convert Collection</description>
			</topic>
			<topic>
				<href>controls/caf_f/convertCurrencyBigDecimal.xhtml</href>
				<displayName>convertCurrencyBigDecimal</displayName>
				<description>Convert Currenc BigDecimal</description>
			</topic>
			<topic>
				<href>controls/caf_f/convertCurrencyBigInteger.xhtml</href>
				<displayName>convertCurrencyBigInteger</displayName>
				<description>Convert Currency BigInteger</description>
			</topic>
			<topic>
				<href>controls/caf_f/convertCurrencyDouble.xhtml</href>
				<displayName>convertCurrencyDouble</displayName>
				<description>Convert Currency Double</description>
			</topic>
			<topic>
				<href>controls/caf_f/convertCurrencyFloat.xhtml</href>
				<displayName>convertCurrencyFloat</displayName>
				<description>Convert Currency Float</description>
			</topic>
			<topic>
				<href>controls/caf_f/convertCurrencyInteger.xhtml</href>
				<displayName>convertCurrencyInteger</displayName>
				<description>Convert Currency Integer</description>
			</topic>
			<topic>
				<href>controls/caf_f/convertCurrencyLong.xhtml</href>
				<displayName>convertCurrencyLong</displayName>
				<description>Convert Currency Long</description>
			</topic>
			<topic>
				<href>controls/caf_f/convertCurrencyNumber.xhtml</href>
				<displayName>convertCurrencyNumber</displayName>
				<description>Convert Currency Number</description>
			</topic>
			<topic>
				<href>controls/caf_f/convertCurrencyShort.xhtml</href>
				<displayName>convertCurrencyShort</displayName>
				<description>Convert Currency Short</description>
			</topic>
			<topic>
				<href>controls/caf_f/convertDouble.xhtml</href>
				<displayName>convertDouble</displayName>
				<description>Convert Double</description>
			</topic>
			<topic>
				<href>controls/caf_f/convertFloat.xhtml</href>
				<displayName>convertFloat</displayName>
				<description>Convert Float</description>
			</topic>
			<topic>
				<href>controls/caf_f/convertFormattedBigDecimal.xhtml</href>
				<displayName>convertFormattedBigDecimal</displayName>
				<description>Convert BigDecimal</description>
			</topic>
			<topic>
				<href>controls/caf_f/convertFormattedBigInteger.xhtml</href>
				<displayName>convertFormattedBigInteger</displayName>
				<description>Convert Formatted BigInteger</description>
			</topic>
			<topic>
				<href>controls/caf_f/convertFormattedBoolean.xhtml</href>
				<displayName>convertFormattedBoolean</displayName>
				<description>Convert Formatted Boolean</description>
			</topic>
			<topic>
				<href>controls/caf_f/convertFormattedDateTime.xhtml</href>
				<displayName>convertFormattedDateTime</displayName>
				<description>Convert Formatted Date/Time</description>
			</topic>
			<topic>
				<href>controls/caf_f/convertFormattedDouble.xhtml</href>
				<displayName>convertFormattedDouble</displayName>
				<description>Convert Formatted Double</description>
			</topic>
			<topic>
				<href>controls/caf_f/convertFormattedFileSize.xhtml</href>
				<displayName>convertFormattedFileSize</displayName>
				<description>Convert Formatted File Size</description>
			</topic>
			<topic>
				<href>controls/caf_f/convertFormattedFloat.xhtml</href>
				<displayName>convertFormattedFloat</displayName>
				<description>Convert Formatted Float</description>
			</topic>
			<topic>
				<href>controls/caf_f/convertFormattedInteger.xhtml</href>
				<displayName>convertFormattedInteger</displayName>
				<description>Convert Formatted Integer</description>
			</topic>
			<topic>
				<href>controls/caf_f/convertFormattedLong.xhtml</href>
				<displayName>convertFormattedLong</displayName>
				<description>Convert Formatted Long</description>
			</topic>
			<topic>
				<href>controls/caf_f/convertFormattedNumber.xhtml</href>
				<displayName>convertFormattedNumber</displayName>
				<description>Convert Formatted Number</description>
			</topic>
			<topic>
				<href>controls/caf_f/convertFormattedShort.xhtml</href>
				<displayName>convertFormattedShort</displayName>
				<description>Convert Formatted Short</description>
			</topic>
			<topic>
				<href>controls/caf_f/convertFormattedSize.xhtml</href>
				<displayName>convertFormattedSize</displayName>
				<description>Convert Formatted Size</description>
			</topic>
			<topic>
				<href>controls/caf_f/convertInteger.xhtml</href>
				<displayName>convertInteger</displayName>
				<description>Convert Integer</description>
			</topic>
			<topic>
				<href>controls/caf_f/convertIterator.xhtml</href>
				<displayName>convertIterator</displayName>
				<description>Convert Iterator</description>
			</topic>
			<topic>
				<href>controls/caf_f/convertLong.xhtml</href>
				<displayName>convertLong</displayName>
				<description>Convert Long</description>
			</topic>
			<topic>
				<href>controls/caf_f/convertMap.xhtml</href>
				<displayName>convertMap</displayName>
				<description>Convert Map</description>
			</topic>
			<topic>
				<href>controls/caf_f/convertShort.xhtml</href>
				<displayName>convertShort</displayName>
				<description>Convert Short</description>
			</topic>
			<topic>
				<href>controls/caf_f/convertStringArray.xhtml</href>
				<displayName>convertStringArray</displayName>
				<description>Convert String Array</description>
			</topic>
			<topic>
				<href>controls/caf_f/convertURL.xhtml</href>
				<displayName>convertURL</displayName>
				<description>Convert URL</description>
			</topic>
			<topic>
				<href>controls/caf_f/design-time-attribute.xhtml</href>
				<displayName>design-time-attribute</displayName>
				<description>Design Time Attribute</description>
			</topic>
			<topic>
				<href>controls/caf_f/importTemplateView.xhtml</href>
				<displayName>importTemplateView</displayName>
				<description>Import Template View</description>
			</topic>
			<topic>
				<href>controls/caf_f/importView.xhtml</href>
				<displayName>importView</displayName>
				<description>Import View</description>
			</topic>
			<topic>
				<href>controls/caf_f/loadBundle.xhtml</href>
				<displayName>loadBundle</displayName>
				<description>Load Bundle</description>
			</topic>
			<topic>
				<href>controls/caf_f/logicAccessControl.xhtml</href>
				<displayName>logicAccessControl</displayName>
				<description>Access Controlled Panel</description>
			</topic>
			<topic>
				<href>controls/caf_f/logicElse.xhtml</href>
				<displayName>logicElse</displayName>
				<description>Else</description>
			</topic>
			<topic>
				<href>controls/caf_f/logicIf.xhtml</href>
				<displayName>logicIf</displayName>
				<description>If</description>
			</topic>
			<topic>
				<href>controls/caf_f/propertyAssigner.xhtml</href>
				<displayName>propertyAssigner</displayName>
				<description>Property Assigner</description>
			</topic>
			<topic>
				<href>controls/caf_f/selectItem.xhtml</href>
				<displayName>selectItem</displayName>
				<description>Option</description>
			</topic>
			<topic>
				<href>controls/caf_f/selectItems.xhtml</href>
				<displayName>selectItems</displayName>
				<description>Option Group</description>
			</topic>
			<topic>
				<href>controls/caf_f/validateCreditCard.xhtml</href>
				<displayName>validateCreditCard</displayName>
				<description>Validate Credit Card Number</description>
			</topic>
			<topic>
				<href>controls/caf_f/validateEmail.xhtml</href>
				<displayName>validateEmail</displayName>
				<description>Validate Email Address</description>
			</topic>
			<topic>
				<href>controls/caf_f/validateEqual.xhtml</href>
				<displayName>validateEqual</displayName>
				<description>Validate Equal</description>
			</topic>
			<topic>
				<href>controls/caf_f/validateExactRegex.xhtml</href>
				<displayName>validateExactRegex</displayName>
				<description>Validate Exact Regex</description>
			</topic>
			<topic>
				<href>controls/caf_f/validateFile.xhtml</href>
				<displayName>validateFile</displayName>
				<description>Validate File</description>
			</topic>
			<topic>
				<href>controls/caf_f/validateFormattedDateRange.xhtml</href>
				<displayName>validateFormattedDateRange</displayName>
				<description>Validate Formatted Double Range</description>
			</topic>
			<topic>
				<href>controls/caf_f/validateFormattedDoubleRange.xhtml</href>
				<displayName>validateFormattedDoubleRange</displayName>
				<description>Validate Formatted Double Range</description>
			</topic>
			<topic>
				<href>controls/caf_f/validateFormattedLongRange.xhtml</href>
				<displayName>validateFormattedLongRange</displayName>
				<description>Validate Formatted Long Range</description>
			</topic>
			<topic>
				<href>controls/caf_f/validateOneOf.xhtml</href>
				<displayName>validateOneOf</displayName>
				<description>Validate OneOf</description>
			</topic>
			<topic>
				<href>controls/caf_f/validateRegExpr.xhtml</href>
				<displayName>validateRegExpr</displayName>
				<description>Validate RegExpr</description>
			</topic>
			<topic>
				<href>controls/caf_f/variableContainer.xhtml</href>
				<displayName>variableContainer</displayName>
				<description>Variable Container</description>
			</topic>
			<topic>
				<href>controls/caf_f/view.xhtml</href>
				<displayName>view</displayName>
				<description>View</description>
			</topic>
		</topic>

		<topic>
			<displayName>caf_h</displayName>
			<description>CAF tags for the HTML RenderKit</description>

			<topic>
				<href>controls/caf_h/applet.xhtml</href>
				<displayName>applet</displayName>
				<description>Java Applet</description>
			</topic>
			<topic>
				<href>controls/caf_h/asyncCommandButton.xhtml</href>
				<displayName>asyncCommandButton</displayName>
				<description>Async Command Button</description>
			</topic>
			<topic>
				<href>controls/caf_h/asyncCommandHidden.xhtml</href>
				<displayName>asyncCommandHidden</displayName>
				<description>Async Command Hidden</description>
			</topic>
			<topic>
				<href>controls/caf_h/asyncCommandIcon.xhtml</href>
				<displayName>asyncCommandIcon</displayName>
				<description>Async Command Icon</description>
			</topic>
			<topic>
				<href>controls/caf_h/asyncCommandInterval.xhtml</href>
				<displayName>asyncCommandInterval</displayName>
				<description>Async Command Interval</description>
			</topic>
			<topic>
				<href>controls/caf_h/asyncCommandLink.xhtml</href>
				<displayName>asyncCommandLink</displayName>
				<description>Async Command Link</description>
			</topic>
			<topic>
				<href>controls/caf_h/atomFeedIcon.xhtml</href>
				<displayName>atomFeedIcon</displayName>
				<description>Atom Feed Icon</description>
			</topic>
			<topic>
				<href>controls/caf_h/attachmentsList.xhtml</href>
				<displayName>attachmentsList</displayName>
				<description>Attachments List</description>
			</topic>
			<topic>
				<href>controls/caf_h/attachmentsPanel.xhtml</href>
				<displayName>attachmentsPanel</displayName>
				<description>Attachments Panel</description>
			</topic>
			<topic>
				<href>controls/caf_h/breadcrumbs.xhtml</href>
				<displayName>breadcrumbs</displayName>
				<description>Breadcrumbs</description>
			</topic>
			<topic>
				<href>controls/caf_h/chart.xhtml</href>
				<displayName>chart</displayName>
				<description>Chart</description>
			</topic>
			<topic>
				<href>controls/caf_h/chartDataColumn.xhtml</href>
				<displayName>chartDataColumn</displayName>
				<description>Chart Data Column</description>
			</topic>
			<topic>
				<href>controls/caf_h/chartLabelColumn.xhtml</href>
				<displayName>chartLabelColumn</displayName>
				<description>Chart Label Column</description>
			</topic>
			<topic>
				<href>controls/caf_h/column.xhtml</href>
				<displayName>column</displayName>
				<description>Basic Column</description>
			</topic>
			<topic>
				<href>controls/caf_h/columnHidden.xhtml</href>
				<displayName>columnHidden</displayName>
				<description>Hidden Column</description>
			</topic>
			<topic>
				<href>controls/caf_h/columnRowHeader.xhtml</href>
				<displayName>columnRowHeader</displayName>
				<description>Column Row Header</description>
			</topic>
			<topic>
				<href>controls/caf_h/columnScrollbar.xhtml</href>
				<displayName>columnScrollbar</displayName>
				<description>Column Scrollbar</description>
			</topic>
			<topic>
				<href>controls/caf_h/columnSelectRow.xhtml</href>
				<displayName>columnSelectRow</displayName>
				<description>Column Select Row</description>
			</topic>
			<topic>
				<href>controls/caf_h/columnSortLink.xhtml</href>
				<displayName>columnSortLink</displayName>
				<description>Column Sort Link</description>
			</topic>
			<topic>
				<href>controls/caf_h/columnStandard.xhtml</href>
				<displayName>columnStandard</displayName>
				<description>Column Standard</description>
			</topic>
			<topic>
				<href>controls/caf_h/columnTruncating.xhtml</href>
				<displayName>columnTruncating</displayName>
				<description>Column Truncating</description>
			</topic>
			<topic>
				<href>controls/caf_h/commandButton.xhtml</href>
				<displayName>commandButton</displayName>
				<description>Command Button</description>
			</topic>
			<topic>
				<href>controls/caf_h/commandHidden.xhtml</href>
				<displayName>commandHidden</displayName>
				<description>Command Hidden</description>
			</topic>
			<topic>
				<href>controls/caf_h/commandIcon.xhtml</href>
				<displayName>commandIcon</displayName>
				<description>Command Icon</description>
			</topic>
			<topic>
				<href>controls/caf_h/commandLink.xhtml</href>
				<displayName>commandLink</displayName>
				<description>Command Link</description>
			</topic>
			<topic>
				<href>controls/caf_h/contentParameter.xhtml</href>
				<displayName>contentParameter</displayName>
				<description>Content Parameter</description>
			</topic>
			<topic>
				<href>controls/caf_h/customDrag.xhtml</href>
				<displayName>customDrag</displayName>
				<description>Custom Drag</description>
			</topic>
			<topic>
				<href>controls/caf_h/customDrop.xhtml</href>
				<displayName>customDrop</displayName>
				<description>Custom Drop</description>
			</topic>
			<topic>
				<href>controls/caf_h/customElement.xhtml</href>
				<displayName>customElement</displayName>
				<description>Custom Element</description>
			</topic>
			<topic>
				<href>controls/caf_h/dataAddRowButton.xhtml</href>
				<displayName>dataAddRowButton</displayName>
				<description>Add Row Button</description>
			</topic>
			<topic>
				<href>controls/caf_h/dataAddRowIcon.xhtml</href>
				<displayName>dataAddRowIcon</displayName>
				<description>Add Row Icon</description>
			</topic>
			<topic>
				<href>controls/caf_h/dataAddRowLink.xhtml</href>
				<displayName>dataAddRowLink</displayName>
				<description>Add Row Link</description>
			</topic>
			<topic>
				<href>controls/caf_h/dataAsyncCategorizedTable.xhtml</href>
				<displayName>dataAsyncCategorizedTable</displayName>
				<description>Async Categorized Table</description>
			</topic>
			<topic>
				<href>controls/caf_h/dataAsyncIterator.xhtml</href>
				<displayName>dataAsyncIterator</displayName>
				<description>Async Iterator</description>
			</topic>
			<topic>
				<href>controls/caf_h/dataAsyncListbox.xhtml</href>
				<displayName>dataAsyncListbox</displayName>
				<description>Async Listbox</description>
			</topic>
			<topic>
				<href>controls/caf_h/dataAsyncSearchResultTable.xhtml</href>
				<displayName>dataAsyncSearchResultTable</displayName>
				<description>Async Search Result Table</description>
			</topic>
			<topic>
				<href>controls/caf_h/dataAsyncSearchResultTree.xhtml</href>
				<displayName>dataAsyncSearchResultTree</displayName>
				<description>Async Search Result Tree</description>
			</topic>
			<topic>
				<href>controls/caf_h/dataAsyncSimpleList.xhtml</href>
				<displayName>dataAsyncSimpleList</displayName>
				<description>Async Simple List</description>
			</topic>
			<topic>
				<href>controls/caf_h/dataAsyncTable.xhtml</href>
				<displayName>dataAsyncTable</displayName>
				<description>Async Table</description>
			</topic>
			<topic>
				<href>controls/caf_h/dataAsyncTabsList.xhtml</href>
				<displayName>dataAsyncTabsList</displayName>
				<description>Async Tabs List</description>
			</topic>
			<topic>
				<href>controls/caf_h/dataAsyncTree.xhtml</href>
				<displayName>dataAsyncTree</displayName>
				<description>Async Tree</description>
			</topic>
			<topic>
				<href>controls/caf_h/dataExportTableButton.xhtml</href>
				<displayName>dataExportTableButton</displayName>
				<description>Export Table Button</description>
			</topic>
			<topic>
				<href>controls/caf_h/dataIterator.xhtml</href>
				<displayName>dataIterator</displayName>
				<description>Iterator</description>
			</topic>
			<topic>
				<href>controls/caf_h/dataListbox.xhtml</href>
				<displayName>dataListbox</displayName>
				<description>Listbox</description>
			</topic>
			<topic>
				<href>controls/caf_h/dataMoveRowDownButton.xhtml</href>
				<displayName>dataMoveRowDownButton</displayName>
				<description>Move Row Down Button</description>
			</topic>
			<topic>
				<href>controls/caf_h/dataMoveRowDownIcon.xhtml</href>
				<displayName>dataMoveRowDownIcon</displayName>
				<description>Move Row Down Icon</description>
			</topic>
			<topic>
				<href>controls/caf_h/dataMoveRowDownLink.xhtml</href>
				<displayName>dataMoveRowDownLink</displayName>
				<description>Move Row Down Link</description>
			</topic>
			<topic>
				<href>controls/caf_h/dataMoveRowUpButton.xhtml</href>
				<displayName>dataMoveRowUpButton</displayName>
				<description>Move Row Up Button</description>
			</topic>
			<topic>
				<href>controls/caf_h/dataMoveRowUpIcon.xhtml</href>
				<displayName>dataMoveRowUpIcon</displayName>
				<description>Move Row Up Icon</description>
			</topic>
			<topic>
				<href>controls/caf_h/dataMoveRowUpLink.xhtml</href>
				<displayName>dataMoveRowUpLink</displayName>
				<description>Move Row Up Link</description>
			</topic>
			<topic>
				<href>controls/caf_h/dataPages.xhtml</href>
				<displayName>dataPages</displayName>
				<description>Data Pages</description>
			</topic>
			<topic>
				<href>controls/caf_h/dataPrevNext.xhtml</href>
				<displayName>dataPrevNext</displayName>
				<description>Data Prev/Next Paging</description>
			</topic>
			<topic>
				<href>controls/caf_h/dataRemoveRowButton.xhtml</href>
				<displayName>dataRemoveRowButton</displayName>
				<description>Remove Row Button</description>
			</topic>
			<topic>
				<href>controls/caf_h/dataRemoveRowIcon.xhtml</href>
				<displayName>dataRemoveRowIcon</displayName>
				<description>Remove Row Icon</description>
			</topic>
			<topic>
				<href>controls/caf_h/dataRemoveRowLink.xhtml</href>
				<displayName>dataRemoveRowLink</displayName>
				<description>Remove Row Link</description>
			</topic>
			<topic>
				<href>controls/caf_h/dataSearchResultTable.xhtml</href>
				<displayName>dataSearchResultTable</displayName>
				<description>Search Result Table</description>
			</topic>
			<topic>
				<href>controls/caf_h/dataSearchResultTree.xhtml</href>
				<displayName>dataSearchResultTree</displayName>
				<description>Search Result Tree</description>
			</topic>
			<topic>
				<href>controls/caf_h/dataSelectAllRowsCheckbox.xhtml</href>
				<displayName>dataSelectAllRowsCheckbox</displayName>
				<description>Select All Rows Checkbox</description>
			</topic>
			<topic>
				<href>controls/caf_h/dataSelectAllVisibleRowsCheckbox.xhtml</href>
				<displayName>dataSelectAllVisibleRowsCheckbox</displayName>
				<description>Select All Visible Rows Checkbox</description>
			</topic>
			<topic>
				<href>controls/caf_h/dataSelectRowCheckbox.xhtml</href>
				<displayName>dataSelectRowCheckbox</displayName>
				<description>Select Row Checkbox</description>
			</topic>
			<topic>
				<href>controls/caf_h/dataSelectRowLink.xhtml</href>
				<displayName>dataSelectRowLink</displayName>
				<description>Select Row Link</description>
			</topic>
			<topic>
				<href>controls/caf_h/dataSelectRowOnClick.xhtml</href>
				<displayName>dataSelectRowOnClick</displayName>
				<description>Select Row On-Click</description>
			</topic>
			<topic>
				<href>controls/caf_h/dataSelectRowQuadStateCheckbox.xhtml</href>
				<displayName>dataSelectRowQuadStateCheckbox</displayName>
				<description>Select Row Quad-State Checkbox</description>
			</topic>
			<topic>
				<href>controls/caf_h/dataSelectRowTriStateCheckbox.xhtml</href>
				<displayName>dataSelectRowTriStateCheckbox</displayName>
				<description>Select Row Tri-State Checkbox</description>
			</topic>
			<topic>
				<href>controls/caf_h/dataSimpleList.xhtml</href>
				<displayName>dataSimpleList</displayName>
				<description>Simple List</description>
			</topic>
			<topic>
				<href>controls/caf_h/dataTable.xhtml</href>
				<displayName>dataTable</displayName>
				<description>Table</description>
			</topic>
			<topic>
				<href>controls/caf_h/dataTabsList.xhtml</href>
				<displayName>dataTabsList</displayName>
				<description>Tabs List</description>
			</topic>
			<topic>
				<href>controls/caf_h/dataTotal.xhtml</href>
				<displayName>dataTotal</displayName>
				<description>Data Total</description>
			</topic>
			<topic>
				<href>controls/caf_h/dataTotalSelected.xhtml</href>
				<displayName>dataTotalSelected</displayName>
				<description>Data Total Selected</description>
			</topic>
			<topic>
				<href>controls/caf_h/dataTree.xhtml</href>
				<displayName>dataTree</displayName>
				<description>Tree</description>
			</topic>
			<topic>
				<href>controls/caf_h/dataTreeToggle.xhtml</href>
				<displayName>dataTreeToggle</displayName>
				<description>Tree Toggle</description>
			</topic>
			<topic>
				<href>controls/caf_h/disjointForm.xhtml</href>
				<displayName>disjointForm</displayName>
				<description>Disjoint Form</description>
			</topic>
			<topic>
				<href>controls/caf_h/dragToMoveRows.xhtml</href>
				<displayName>dragToMoveRows</displayName>
				<description>Drag To Move Rows</description>
			</topic>
			<topic>
				<href>controls/caf_h/dragToReorderColumns.xhtml</href>
				<displayName>dragToReorderColumns</displayName>
				<description>Drag To Reorder Columns</description>
			</topic>
			<topic>
				<href>controls/caf_h/dragToResize.xhtml</href>
				<displayName>dragToResize</displayName>
				<description>Drag to Resize</description>
			</topic>
			<topic>
				<href>controls/caf_h/dragToResizeColumns.xhtml</href>
				<displayName>dragToResizeColumns</displayName>
				<description>Drag To Resize Columns</description>
			</topic>
			<topic>
				<href>controls/caf_h/form.xhtml</href>
				<displayName>form</displayName>
				<description>Form</description>
			</topic>
			<topic>
				<href>controls/caf_h/flash.xhtml</href>
				<displayName>flash</displayName>
				<description>Flash</description>
			</topic>
			<topic>
				<href>controls/caf_h/formattedMessage.xhtml</href>
				<displayName>formattedMessage</displayName>
				<description>Formatted Message</description>
			</topic>
			<topic>
				<href>controls/caf_h/formattedMessages.xhtml</href>
				<displayName>formattedMessages</displayName>
				<description>Formatted Messages</description>
			</topic>
			<topic>
				<href>controls/caf_h/formattedText.xhtml</href>
				<displayName>formattedText</displayName>
				<description>Formatted Text</description>
			</topic>
			<topic>
				<href>controls/caf_h/frame.xhtml</href>
				<displayName>frame</displayName>
				<description>Frame</description>
			</topic>
			<topic>
				<href>controls/caf_h/gmap.xhtml</href>
				<displayName>gmap</displayName>
				<description>GMap</description>
			</topic>
			<topic>
				<href>controls/caf_h/gmapDynamicMarkerList.xhtml</href>
				<displayName>gmapDynamicMarkerList</displayName>
				<description>GMap Dynamic Marker List</description>
			</topic>
			<topic>
				<href>controls/caf_h/gmapInvokeScript.xhtml</href>
				<displayName>gmapInvokeScript</displayName>
				<description>GMap Invoke Script</description>
			</topic>
			<topic>
				<href>controls/caf_h/gmapKey.xhtml</href>
				<displayName>gmapKey</displayName>
				<description>GMap Key</description>
			</topic>
			<topic>
				<href>controls/caf_h/gmapMarker.xhtml</href>
				<displayName>gmapMarker</displayName>
				<description>GMap Marker</description>
			</topic>
			<topic>
				<href>controls/caf_h/gmapMarkerGroup.xhtml</href>
				<displayName>gmapMarkerGroup</displayName>
				<description>GMap Marker Group</description>
			</topic>
			<topic>
				<href>controls/caf_h/gmapNavigationControl.xhtml</href>
				<displayName>gmapNavigationControl</displayName>
				<description>GMap Navigation Control</description>
			</topic>
			<topic>
				<href>controls/caf_h/gmapReturnCoordsScript.xhtml</href>
				<displayName>gmapReturnCoordsScript</displayName>
				<description>GMap Return Coords Script</description>
			</topic>
			<topic>
				<href>controls/caf_h/gmapReturnValueScript.xhtml</href>
				<displayName>gmapReturnValueScript</displayName>
				<description>GMap Return Value Script</description>
			</topic>
			<topic>
				<href>controls/caf_h/growler.xhtml</href>
				<displayName>growler</displayName>
				<description>Growler</description>
			</topic>
			<topic>
				<href>controls/caf_h/includeHtml.xhtml</href>
				<displayName>includeHtml</displayName>
				<description>Include HTML</description>
			</topic>
			<topic>
				<href>controls/caf_h/includeResourceBundle.xhtml</href>
				<displayName>includeResourceBundle</displayName>
				<description>Include Resource Bundle</description>
			</topic>
			<topic>
				<href>controls/caf_h/includeScript.xhtml</href>
				<displayName>includeScript</displayName>
				<description>Include Script</description>
			</topic>
			<topic>
				<href>controls/caf_h/includeStylesheet.xhtml</href>
				<displayName>includeStylesheet</displayName>
				<description>Include Stylesheet</description>
			</topic>
			<topic>
				<href>controls/caf_h/inputAutocompleteText.xhtml</href>
				<displayName>inputAutocompleteText</displayName>
				<description>Autocomplete Text Input</description>
			</topic>
			<topic>
				<href>controls/caf_h/inputDate.xhtml</href>
				<displayName>inputDate</displayName>
				<description>Date Input</description>
			</topic>
			<topic>
				<href>controls/caf_h/inputDateRange.xhtml</href>
				<displayName>inputDateRange</displayName>
				<description>Date Range Input</description>
			</topic>
			<topic>
				<href>controls/caf_h/inputExtendedSelectManyListbox.xhtml</href>
				<displayName>inputExtendedSelectManyListbox</displayName>
				<description>Extended Select-Many Listbox</description>
			</topic>
			<topic>
				<href>controls/caf_h/inputExtendedSelectOneListbox.xhtml</href>
				<displayName>inputExtendedSelectOneListbox</displayName>
				<description>Extended Select-One Listbox</description>
			</topic>
			<topic>
				<href>controls/caf_h/inputFile.xhtml</href>
				<displayName>inputFile</displayName>
				<description>File Input</description>
			</topic>
			<topic>
				<href>controls/caf_h/inputFilter.xhtml</href>
				<displayName>inputFilter</displayName>
				<description>Filter Input</description>
			</topic>
			<topic>
				<href>controls/caf_h/inputHTML.xhtml</href>
				<displayName>inputHTML</displayName>
				<description>HTML Input</description>
			</topic>
			<topic>
				<href>controls/caf_h/inputInPlaceText.xhtml</href>
				<displayName>inputInPlaceText</displayName>
				<description>In-Place Text Input</description>
			</topic>
			<topic>
				<href>controls/caf_h/inputSecret.xhtml</href>
				<displayName>inputSecret</displayName>
				<description>Secret Input</description>
			</topic>
			<topic>
				<href>controls/caf_h/inputSimpleSchedule.xhtml</href>
				<displayName>inputSimpleSchedule</displayName>
				<description>Simple Schedule Input</description>
			</topic>
			<topic>
				<href>controls/caf_h/inputSwapBox.xhtml</href>
				<displayName>inputSwapBox</displayName>
				<description>Swapbox Input</description>
			</topic>

			<topic>
				<href>controls/caf_h/inputText.xhtml</href>
				<displayName>inputText</displayName>
				<description>Text Input</description>
			</topic>
			<topic>
				<href>controls/caf_h/inputTextarea.xhtml</href>
				<displayName>inputTextarea</displayName>
				<description>Multi-Line Text Input</description>
			</topic>
			<topic>
				<href>controls/caf_h/modalDialog.xhtml</href>
				<displayName>modalDialog</displayName>
				<description>Modal Dialog</description>
			</topic>
			<topic>
				<href>controls/caf_h/modelessDialog.xhtml</href>
				<displayName>modelessDialog</displayName>
				<description>Modeless Dialog</description>
			</topic>
			<topic>
				<href>controls/caf_h/newsfeed.xhtml</href>
				<displayName>newsfeed</displayName>
				<description>News Feed</description>
			</topic>
			<topic>
				<href>controls/caf_h/oneWayToggleButton.xhtml</href>
				<displayName>oneWayToggleButton</displayName>
				<description>One Way Toggle Button</description>
			</topic>
			<topic>
				<href>controls/caf_h/oneWayToggleCheckbox.xhtml</href>
				<displayName>oneWayToggleCheckbox</displayName>
				<description>One Way Toggle Checkbox Feed</description>
			</topic>
			<topic>
				<href>controls/caf_h/oneWayToggleLink.xhtml</href>
				<displayName>oneWayToggleLink</displayName>
				<description>One Way Toggle Link</description>
			</topic>
			<topic>
				<href>controls/caf_h/outputButton.xhtml</href>
				<displayName>outputButton</displayName>
				<description>Button</description>
			</topic>
			<topic>
				<href>controls/caf_h/outputFormat.xhtml</href>
				<displayName>outputFormat</displayName>
				<description>Format Output</description>
			</topic>
			<topic>
				<href>controls/caf_h/outputHeader.xhtml</href>
				<displayName>outputHeader</displayName>
				<description>Header</description>
			</topic>
			<topic>
				<href>controls/caf_h/outputHorizontalRule.xhtml</href>
				<displayName>outputHorizontalRule</displayName>
				<description>Horizonal Rule</description>
			</topic>
			<topic>
				<href>controls/caf_h/outputIcon.xhtml</href>
				<displayName>outputIcon</displayName>
				<description>Icon</description>
			</topic>
			<topic>
				<href>controls/caf_h/outputLabel.xhtml</href>
				<displayName>outputLabel</displayName>
				<description>Label</description>
			</topic>
			<topic>
				<href>controls/caf_h/outputLink.xhtml</href>
				<displayName>outputLink</displayName>
				<description>Link</description>
			</topic>
			<topic>
				<href>controls/caf_h/outputText.xhtml</href>
				<displayName>outputText</displayName>
				<description>Text</description>
			</topic>
			<topic>
				<href>controls/caf_h/outputTruncatedText.xhtml</href>
				<displayName>outputTruncatedText</displayName>
				<description>Truncated Text</description>
			</topic>
			<topic>
				<href>controls/caf_h/panelBlock.xhtml</href>
				<displayName>panelBlock</displayName>
				<description>Block Panel</description>
			</topic>
			<topic>
				<href>controls/caf_h/panelBlockEdge.xhtml</href>
				<displayName>panelBlockEdge</displayName>
				<description>Block Edge Panel</description>
			</topic>
			<topic>
				<href>controls/caf_h/panelDisableable.xhtml</href>
				<displayName>panelDisableable</displayName>
				<description>Disableable Panel</description>
			</topic>
			<topic>
				<href>controls/caf_h/panelHideable.xhtml</href>
				<displayName>panelHideable</displayName>
				<description>Hideable Panel</description>
			</topic>
			<topic>
				<href>controls/caf_h/panelInlineHideable.xhtml</href>
				<displayName>panelInlineHideable</displayName>
				<description>Inline Hideable Panel</description>
			</topic>
			<topic>
				<href>controls/caf_h/panelOverlay.xhtml</href>
				<displayName>panelOverlay</displayName>
				<description>Overlay Panel</description>
			</topic>
			<topic>
				<href>controls/caf_h/panelPageGroup.xhtml</href>
				<displayName>panelPageGroup</displayName>
				<description>Page Group</description>
			</topic>
			<topic>
				<href>controls/caf_h/panelPopup.xhtml</href>
				<displayName>panelPopup</displayName>
				<description>Popup Panel</description>
			</topic>
			<topic>
				<href>controls/caf_h/panelPropertyGroup.xhtml</href>
				<displayName>panelPropertyGroup</displayName>
				<description>Property Group</description>
			</topic>
			<topic>
				<href>controls/caf_h/panelPropertyLine.xhtml</href>
				<displayName>panelPropertyLine</displayName>
				<description>Property Line</description>
			</topic>
			<topic>
				<href>controls/caf_h/panelPropertySubGroup.xhtml</href>
				<displayName>panelPropertySubGroup</displayName>
				<description>Property Sub-Group</description>
			</topic>
			<topic>
				<href>controls/caf_h/panelScrolling.xhtml</href>
				<displayName>panelScrolling</displayName>
				<description>Scrolling Panel</description>
			</topic>
			<topic>
				<href>controls/caf_h/panelSearchBar.xhtml</href>
				<displayName>panelSearchBar</displayName>
				<description>Search Bar</description>
			</topic>
			<topic>
				<href>controls/caf_h/panelStack.xhtml</href>
				<displayName>panelStack</displayName>
				<description>Stack Panel</description>
			</topic>
			<topic>
				<href>controls/caf_h/panelStaticCell.xhtml</href>
				<displayName>panelStaticCell</displayName>
				<description>Static Cell</description>
			</topic>
			<topic>
				<href>controls/caf_h/panelStaticRow.xhtml</href>
				<displayName>panelStaticRow</displayName>
				<description>Static Row</description>
			</topic>
			<topic>
				<href>controls/caf_h/panelSubmitGroup.xhtml</href>
				<displayName>panelSubmitGroup</displayName>
				<description>Submit Group</description>
			</topic>
			<topic>
				<href>controls/caf_h/panelTitlebarTabsWrapper.xhtml</href>
				<displayName>panelTitlebarTabsWrapper</displayName>
				<description>Titlebar Tabs Wrapper</description>
			</topic>
			<topic>
				<href>controls/caf_h/popupMenus.xhtml</href>
				<displayName>popupMenus</displayName>
				<description>Popup Menus</description>
			</topic>
			<topic>
				<href>controls/caf_h/progressBar.xhtml</href>
				<displayName>progressBar</displayName>
				<description>Progress Bar</description>
			</topic>
			<topic>
				<href>controls/caf_h/progressDialog.xhtml</href>
				<displayName>progressDialog</displayName>
				<description>Progress Dialog</description>
			</topic>
			<topic>
				<href>controls/caf_h/raiseOnChange.xhtml</href>
				<displayName>raiseOnChange</displayName>
				<description>Raise On Change</description>
			</topic>
			<topic>
				<href>controls/caf_h/refreshButton.xhtml</href>
				<displayName>refreshButton</displayName>
				<description>Refresh Button</description>
			</topic>
			<topic>
				<href>controls/caf_h/refreshIcon.xhtml</href>
				<displayName>refreshIcon</displayName>
				<description>Refresh Icon</description>
			</topic>
			<topic>
				<href>controls/caf_h/refreshInterval.xhtml</href>
				<displayName>refreshInterval</displayName>
				<description>Refresh Interval</description>
			</topic>
			<topic>
				<href>controls/caf_h/refreshLink.xhtml</href>
				<displayName>refreshLink</displayName>
				<description>Refresh Link</description>
			</topic>
			<topic>
				<href>controls/caf_h/scriptBlock.xhtml</href>
				<displayName>scriptBlock</displayName>
				<description>Script Block</description>
			</topic>
			<topic>
				<href>controls/caf_h/scriptControlReference.xhtml</href>
				<displayName>scriptControlReference</displayName>
				<description>Script Control Reference</description>
			</topic>
			<topic>
				<href>controls/caf_h/scriptCustom.xhtml</href>
				<displayName>scriptCustom</displayName>
				<description>Script Custom</description>
			</topic>
			<topic>
				<href>controls/caf_h/scriptInvoke.xhtml</href>
				<displayName>scriptInvoke</displayName>
				<description>Script Invoke</description>
			</topic>
			<topic>
				<href>controls/caf_h/scriptParameter.xhtml</href>
				<displayName>scriptParameter</displayName>
				<description>Script Parameter</description>
			</topic>
			<topic>
				<href>controls/caf_h/scriptReturnValue.xhtml</href>
				<displayName>scriptReturnValue</displayName>
				<description>Script Return Value</description>
			</topic>
			<topic>
				<href>controls/caf_h/selectBooleanCheckbox.xhtml</href>
				<displayName>selectBooleanCheckbox</displayName>
				<description>Select Boolean Checkbox</description>
			</topic>
			<topic>
				<href>controls/caf_h/selectBooleanRadioButton.xhtml</href>
				<displayName>selectBooleanRadioButton</displayName>
				<description>Select Boolean Radio Button</description>
			</topic>
			<topic>
				<href>controls/caf_h/selectManyCheckbox.xhtml</href>
				<displayName>selectManyCheckbox</displayName>
				<description>Select Many Checkboxes</description>
			</topic>
			<topic>
				<href>controls/caf_h/selectManyListbox.xhtml</href>
				<displayName>selectManyListbox</displayName>
				<description>Select Many Listbox</description>
			</topic>
			<topic>
				<href>controls/caf_h/selectOneButton.xhtml</href>
				<displayName>selectOneButton</displayName>
				<description>Select One Button</description>
			</topic>
			<topic>
				<href>controls/caf_h/selectOneCombobox.xhtml</href>
				<displayName>selectOneCombobox</displayName>
				<description>Select One Combobox</description>
			</topic>
			<topic>
				<href>controls/caf_h/selectOneLink.xhtml</href>
				<displayName>selectOneLink</displayName>
				<description>Select One Link</description>
			</topic>
			<topic>
				<href>controls/caf_h/selectOneListbox.xhtml</href>
				<displayName>selectOneListbox</displayName>
				<description>Select One Listbox</description>
			</topic>
			<topic>
				<href>controls/caf_h/selectOneMenu.xhtml</href>
				<displayName>selectOneMenu</displayName>
				<description>Select One Menu</description>
			</topic>
			<topic>
				<href>controls/caf_h/selectOneOutputText.xhtml</href>
				<displayName>selectOneOutputText</displayName>
				<description>Select One Output Text</description>
			</topic>
			<topic>
				<href>controls/caf_h/selectOneRadio.xhtml</href>
				<displayName>selectOneRadio</displayName>
				<description>Select One Radio</description>
			</topic>
			<topic>
				<href>controls/caf_h/selectOneTabs.xhtml</href>
				<displayName>selectOneTabs</displayName>
				<description>Select One Tabs</description>
			</topic>
			<topic>
				<href>controls/caf_h/servletCommandForm.xhtml</href>
				<displayName>servletCommandForm</displayName>
				<description>Servlet Command Form</description>
			</topic>
			<topic>
				<href>controls/caf_h/specificFormattedMessages.xhtml</href>
				<displayName>specificFormattedMessages</displayName>
				<description>Specific Formatted Messages</description>
			</topic>
			<topic>
				<href>controls/caf_h/specificMessages.xhtml</href>
				<displayName>specificMessages</displayName>
				<description>Specific Messages</description>
			</topic>
			<topic>
				<href>controls/caf_h/staticMenus.xhtml</href>
				<displayName>staticMenus</displayName>
				<description>Static Menus</description>
			</topic>
			<topic>
				<href>controls/caf_h/synchronizeValues.xhtml</href>
				<displayName>synchronizeValues</displayName>
				<description>Synchronize Values</description>
			</topic>
			<topic>
				<href>controls/caf_h/toggleButton.xhtml</href>
				<displayName>toggleButton</displayName>
				<description>Toggle Button</description>
			</topic>
			<topic>
				<href>controls/caf_h/toggleInitiate.xhtml</href>
				<displayName>toggleInitiate</displayName>
				<description>Toggle Initiate</description>
			</topic>
			<topic>
				<href>controls/caf_h/toggleLink.xhtml</href>
				<displayName>toggleLink</displayName>
				<description>Toggle Link</description>
			</topic>
			<topic>
				<href>controls/caf_h/toggleMenu.xhtml</href>
				<displayName>toggleMenu</displayName>
				<description>Toggle Menu</description>
			</topic>
			<topic>
				<href>controls/caf_h/toggleMenus.xhtml</href>
				<displayName>toggleMenus</displayName>
				<description>Toggle Menus</description>
			</topic>
			<topic>
				<href>controls/caf_h/toggleRadio.xhtml</href>
				<displayName>toggleRadio</displayName>
				<description>Toggle Radio</description>
			</topic>
			<topic>
				<href>controls/caf_h/toggleTabs.xhtml</href>
				<displayName>toggleTabs</displayName>
				<description>Toggle Tabs</description>
			</topic>
			<topic>
				<href>controls/caf_h/tooltip.xhtml</href>
				<displayName>tooltip</displayName>
				<description>Tooltip</description>
			</topic>
		</topic>

		<topic>
			<displayName>cafp_f</displayName>
			<description>CAF Portlet tags that are independent of any particular RenderKit</description>
			<topic>
				<href>controls/cafp_f/portletParameter.xhtml</href>
				<displayName>portletParameter</displayName>
				<description>Portlet Parameter</description>
			</topic>
			<topic>
				<href>controls/cafp_f/portletUrl.xhtml</href>
				<displayName>portletUrl</displayName>
				<description>Portlet URL</description>
			</topic>
		</topic>

		<topic>
			<displayName>cafp_h</displayName>
			<description>CAF Portlet tags for the HTML RenderKit</description>
			<topic>
				<href>controls/cafp_h/portletSimpleLink.xhtml</href>
				<displayName>portletSimpleLink</displayName>
				<description>Portlet Simple Link</description>
			</topic>
			<topic>
				<href>controls/cafp_h/portletUrlScript.xhtml</href>
				<displayName>portletUrlScript</displayName>
				<description>Portlet URL Script</description>
			</topic>
			<topic>
				<href>controls/cafp_h/portletUrlScriptParameter.xhtml</href>
				<displayName>portletUrlScriptParameter</displayName>
				<description>Portlet URL Script Parameter</description>
			</topic>
			<topic>
				<href>controls/cafp_h/targetComponents.xhtml</href>
				<displayName>targetComponents</displayName>
				<description>Target Components</description>
			</topic>
		</topic>

		<topic>
			<displayName>jcr_h</displayName>
			<description>JCR tags for the HTML RenderKit</description>
			<topic>
				<href>controls/jcr_h/nodePickerDialog.xhtml</href>
				<displayName>nodePickerDialog</displayName>
				<description>JCR Node Picker Dialog</description>
			</topic>
		</topic>

		<topic>
			<displayName>mws_f</displayName>
			<description>MWS tags that are independent of any particular RenderKit</description>
			<topic>
				<href>controls/mws_f/convertIURI.xhtml</href>
				<displayName>convertIURI</displayName>
				<description>Convert IURI</description>
			</topic>
			<topic>
				<href>controls/mws_f/convertPrincipalAttributeSource.xhtml</href>
				<displayName>convertPrincipalAttributeSource</displayName>
				<description>Convert Principal Attribute Source</description>
			</topic>
			<topic>
				<href>controls/mws_f/extendedPortletParameter.xhtml</href>
				<displayName>extendedPortletParameter</displayName>
				<description>Extended Portlet Parameter</description>
			</topic>
			<topic>
				<href>controls/mws_f/extendedPortletUrl.xhtml</href>
				<displayName>extendedPortletUrl</displayName>
				<description>Extended Portlet URL</description>
			</topic>
		</topic>

		<topic>
			<displayName>mws_h</displayName>
			<description>MWS tags for the HTML RenderKit</description>
			<topic>
				<href>controls/mws_h/contextUpdater.xhtml</href>
				<displayName>contextUpdater</displayName>
				<description>Context Updater</description>
			</topic>
			<topic>
				<href>controls/mws_h/panelEmailMessage.xhtml</href>
				<displayName>panelEmailMessage</displayName>
				<description>Email Message Panel</description>
			</topic>
			<topic>
				<href>controls/mws_h/panelRssMessage.xhtml</href>
				<displayName>panelRssMessage</displayName>
				<description>Rss Message Panel</description>
			</topic>
			<topic>
				<href>controls/mws_h/peoplePickerDialog.xhtml</href>
				<displayName>peoplePickerDialog</displayName>
				<description>People Picker Dialog</description>
			</topic>
			<topic>
				<href>controls/mws_h/peopleSearchBar.xhtml</href>
				<displayName>peopleSearchBar</displayName>
				<description>People Search Bar</description>
			</topic>
			<topic>
				<href>controls/mws_h/peopleSwapBox.xhtml</href>
				<displayName>peopleSwapBox</displayName>
				<description>People SwapBox</description>
			</topic>
			<topic>
				<href>controls/mws_h/personCalendarDialog.xhtml</href>
				<displayName>personCalendarDialog</displayName>
				<description>Person Calendar Dialog</description>
			</topic>
			<topic>
				<href>controls/mws_h/personProfileDialog.xhtml</href>
				<displayName>personProfileDialog</displayName>
				<description>Person Profile Dialog</description>
			</topic>
			<topic>
				<href>controls/mws_h/portalResourcesPickerDialog.xhtml</href>
				<displayName>portalResourcesPickerDialog</displayName>
				<description>Portal Resources Picker Dialog</description>
			</topic>
			<topic>
				<href>controls/mws_h/portletEmbed.xhtml</href>
				<displayName>portletEmbed</displayName>
				<description>Portlet Embed</description>
			</topic>
			<topic>
				<href>controls/mws_h/portletInclude.xhtml</href>
				<displayName>portletInclude</displayName>
				<description>Portlet Include</description>
			</topic>
			<topic>
				<href>controls/mws_h/principalPickerDialog.xhtml</href>
				<displayName>principalPickerDialog</displayName>
				<description>Principal Picker Dialog</description>
			</topic>
			<topic>
				<href>controls/mws_h/scriptOpenAjax.xhtml</href>
				<displayName>scriptOpenAjax</displayName>
				<description>Open Ajax Script</description>
			</topic>
			<topic>
				<href>controls/mws_h/taskActionLink.xhtml</href>
				<displayName>taskActionLink</displayName>
				<description>Task Action Link</description>
			</topic>
		</topic>

		<topic>
			<displayName>mws_ui</displayName>
			<description>MWS tags for the HTML RenderKit</description>
			<topic>
				<href>controls/mws_ui/resource.xhtml</href>
				<displayName>resource</displayName>
				<description>Embed the HTML representation of a MWS resource</description>
			</topic>
		</topic>

	</topic>
	<topic>
		<displayName>Client-Side-Model Javascript</displayName>
		<description>Examples of CAF client-side-model usage</description>
		<topic>
			<href>client-side-model/validator.xhtml</href>
			<displayName>Validator</displayName>
			<description>Custom client-side validator function</description>
		</topic>
	</topic>
	<topic>
		<displayName>Custom Components</displayName>
		<description>Examples of Custom Validator</description>
		<topic>
			<href>custom-components/validator.xhtml</href>
			<displayName>Validator</displayName>
			<description>Custom validator</description>
		</topic>
		<topic>
			<href>custom-components/converter.xhtml</href>
			<displayName>Converter</displayName>
			<description>Custom converter</description>
		</topic>
	</topic>
	<topic>
		<displayName>Portlets</displayName>
		<description>Facelet based portlets</description>
	</topic>
	<topic>
		<displayName>Shells</displayName>
		<description>Facelet based shells</description>

		<topic>
			<href>shells/pageTemplates.xhtml</href>
			<displayName>Page Templates</displayName>
			<description>Custom page templates that are registered during app deployment</description>
		</topic>
	</topic>
	<topic>
		<displayName>Skins</displayName>
		<description>CSS Styling</description>

		<topic>
			<href>skins/jsr168-styles.xhtml</href>
			<displayName>JSR-168 Portlet Styles</displayName>
			<description>CSS Styles defined in the JSR-168 standard.</description>
		</topic>
	</topic>
	<topic>
		<displayName>3rd Party JavaScript Integration</displayName>
		<description>Using 3rd Party javascript libraries</description>

		<topic>
			<href>3rdparty-scripts/angularjs.xhtml</href>
			<displayName>AngularJS</displayName>
			<description>AngularJS integration</description>
		</topic>
		<topic>
			<href>3rdparty-scripts/dojo.xhtml</href>
			<displayName>Dojo</displayName>
			<description>Dojo integration</description>
		</topic>
		<topic>
			<href>3rdparty-scripts/jquery.xhtml</href>
			<displayName>JQuery</displayName>
			<description>JQuery integration</description>
		</topic>
		<topic>
			<href>3rdparty-scripts/jquery-ui.xhtml</href>
			<displayName>JQuery UI</displayName>
			<description>JQuery UI integration</description>
		</topic>
		<topic>
			<href>3rdparty-scripts/prototypejs.xhtml</href>
			<displayName>PrototypeJS</displayName>
			<description>PrototypeJS integration</description>
		</topic>
		<topic>
			<href>3rdparty-scripts/yui.xhtml</href>
			<displayName>YUI</displayName>
			<description>YUI integration</description>
		</topic>
	</topic>

	<topic>
		<displayName>UI Patterns</displayName>
		<description>Demonstrate how common UI patters can be implemented</description>

		<topic>
			<displayName>Html5</displayName>
			<description>Demonstrate html5 samples</description>
			<topic>
				<href>patterns/html5/dnd-fileupload.xhtml</href>
				<displayName>Drag-and-Drop FileUpload</displayName>
				<description>Demonstrate a FileUpload from html5</description>
			</topic>
		</topic>

		<topic>
			<href>patterns/master-details.xhtml</href>
			<displayName>Master Details</displayName>
			<description>Demonstrate a Master/Details pattern for editing tabular data</description>
		</topic>
	</topic>

	<topic>
		<displayName>Error Reporting</displayName>
		<description>Demonstrate how errors are reported</description>

		<topic>
			<href>error-reporting/mismatched-tag.xhtml</href>
			<displayName>Mismatched Tag</displayName>
			<description>Demonstrate a template that is not well-formed</description>
		</topic>
		<topic>
			<href>error-reporting/invalid-tag-namespace.xhtml</href>
			<displayName>Invalid Tag Namespace</displayName>
			<description>Demonstrate a template with a tag with an undeclared namespace</description>
		</topic>
	</topic>

	<topic>
		<displayName>MWS Resource Renderers</displayName>
		<description>Demonstrate renderers for MWS resources</description>

		<topic>
			<href>renderers/default_folder.xhtml</href>
			<displayName>[default] folder</displayName>
			<description>Demonstrate drawing a folder with the default renderer</description>
		</topic>
		<topic>
			<href>renderers/default_portlet.xhtml</href>
			<displayName>[default] portlet</displayName>
			<description>Demonstrate drawing a portlet with the default renderer</description>
		</topic>
		<topic>
			<href>renderers/comments.xhtml</href>
			<displayName>comments</displayName>
			<description>Demonstrate drawing comments subpage</description>
		</topic>
		<topic>
			<href>renderers/create.xhtml</href>
			<displayName>create</displayName>
			<description>Demonstrate drawing simple publish subpage</description>
		</topic>
		<topic>
			<href>renderers/details.xhtml</href>
			<displayName>details</displayName>
			<description>Demonstrate drawing folder details subpage</description>
		</topic>
		<topic>
			<href>renderers/folder.xhtml</href>
			<displayName>folder</displayName>
			<description>Demonstrate drawing folder subpage</description>
		</topic>
		<topic>
			<href>renderers/permissions.xhtml</href>
			<displayName>permissions</displayName>
			<description>Demonstrate drawing permissions subpage</description>
		</topic>
		<topic>
			<href>renderers/portlet.xhtml</href>
			<displayName>portlet</displayName>
			<description>Demonstrate drawing portlet subpage</description>
		</topic>
		<topic>
			<href>renderers/properties.xhtml</href>
			<displayName>properties</displayName>
			<description>Demonstrate drawing properties subpage</description>
		</topic>
		<topic>
			<href>renderers/shell.xhtml</href>
			<displayName>shell</displayName>
			<description>Demonstrate drawing shell sections as part of an OpenCAF Shell template</description>
		</topic>
		<topic>
			<href>renderers/subscriptions.xhtml</href>
			<displayName>subscriptions</displayName>
			<description>Demonstrate drawing subscriptions subpage</description>
		</topic>
		<topic>
			<href>renderers/tabulaRasa.xhtml</href>
			<displayName>tabulaRasa</displayName>
			<description>Demonstrate drawing tabulaRasa subpage</description>
		</topic>
		<topic>
			<href>renderers/thumbnails.xhtml</href>
			<displayName>thumbnails</displayName>
			<description>Demonstrate drawing thumbnails subpage</description>
		</topic>
		<topic>
			<href>renderers/versions.xhtml</href>
			<displayName>versions</displayName>
			<description>Demonstrate drawing versions subpage</description>
		</topic>
		<topic>
			<href>renderers/webPageRenderer.xhtml</href>
			<displayName>webPageRenderer</displayName>
			<description>Demonstrate drawing webPageRenderer subpage</description>
		</topic>
		<topic>
			<href>renderers/wiring.xhtml</href>
			<displayName>wiring</displayName>
			<description>Demonstrate drawing wiring subpage</description>
		</topic>
	</topic>
<!-- 	<topic> -->
<!-- 		<displayName>MWS Theming</displayName> -->
<!-- 		<description>Prototype for theming MWS components with 3rd party CSS</description> -->

<!-- 		<topic> -->
<!-- 			<displayName>JQuery UI</displayName> -->
<!-- 			<description>Demonstrate MWS components with JQuery UI Theme</description> -->

<!-- 			<topic> -->
<!-- 				<href>theming/jui/dataTable.xhtml</href> -->
<!-- 				<displayName>dataTable</displayName> -->
<!-- 				<description>Demonstrate drawing an MWS dataTable to appear like a jQueryUI dataTable</description> -->
<!-- 			</topic> -->

<!-- 			<topic> -->
<!-- 				<href>theming/jui/dialog.xhtml</href> -->
<!-- 				<displayName>dialog</displayName> -->
<!-- 				<description>Demonstrate drawing an MWS dialog to appear like a jQueryUI dialog</description> -->
<!-- 			</topic> -->
<!-- 		</topic> -->

<!-- 	</topic> -->
</topics>